{
   "name": "savage-eberron-rules",
   "title": "Savage Eberron",
   "description": "This is the additional ruleset for the Eberron Campaign Setting converted to Savage Worlds Adventure Edition. All needed additional Edges, Powers, Hindrances, Ancestries, Equipment and Magical Items for the Eberron Campaign Setting have been added.",
   "author": "Freewolf2000",
   "version": "0.17.3.3",
   "minimumCoreVersion": "0.7.9",
   "compatibleCoreVersion": "9",
   "url": "https://github.com/Freewolf2000/savage-eberron-rules",
   "manifest": "https://raw.githubusercontent.com/Freewolf2000/savage-eberron-rules/main/savage-eberron-rules/module.json",
   "download": "https://github.com/Freewolf2000/savage-eberron-rules/raw/main/savage-eberron-rules.zip",
   "esmodules": [
       "./scripts/sweb-rules.js",
       "./scripts/tinyMCE-editor.js"
   ],
   "styles": [
       "./styles/sweb-core-fonts.css",
       "./styles/sweb-core.css",
       "./styles/sweb-trade-dress.css",
       "./styles/sweb-additions.css",
       "./styles/sweb-periodicals.css"
   ],
   "packs": [
     {
       "label": "Savage Eberron Decks",
       "name": "savage-eberron-decks",
       "entity": "Cards",
       "path": "packs/savage-eberron-decks.db",
       "system": "swade",
       "module": "savage-eberron-rules"
     },
     {
       "label": "Savage Eberron Edges",
       "name": "savage-eberron-edges",
       "entity": "Item",
       "path": "packs/savage-eberron-edges.db",
       "system": "swade",
       "module": "savage-eberron-rules"
     },
     {
       "label": "Savage Eberron Gear",
       "name": "savage-eberron-gear",
       "entity": "Item",
       "path": "packs/savage-eberron-gear.db",
       "system": "swade",
       "module": "savage-eberron-rules"
     },
     {
       "label": "Savage Eberron Hindrances",
       "name": "savage-eberron-hindrances",
       "entity": "Item",
       "path": "packs/savage-eberron-hindrances.db",
       "system": "swade",
       "module": "savage-eberron-rules"
     },
     {
       "label": "Savage Eberron Lore",
       "name": "savage-eberron-lore",
       "entity": "JournalEntry",
       "path": "packs/savage-eberron-lore.db",
       "system": "swade",
       "module": "savage-eberron-rules"
     },
     {
       "label": "Savage Eberron Macros",
       "name": "savage-eberron-macros",
       "entity": "Macro",
       "path": "packs/savage-eberron-macros.db",
       "system": "swade",
       "module": "savage-eberron-rules"
     },
     {
       "label": "Savage Eberron Powers",
       "name": "savage-eberron-powers",
       "entity": "Item",
       "path": "packs/savage-eberron-powers.db",
       "system": "swade",
       "module": "savage-eberron-rules"
     },
     {
       "label": "Savage Eberron Rules",
       "name": "savage-eberron-rules",
       "entity": "JournalEntry",
       "path": "packs/savage-eberron-rules.db",
       "system": "swade",
       "module": "savage-eberron-rules"
     },
     {
       "label": "Savage Eberron Scenes",
       "name": "savage-eberron-scenes",
       "entity": "Scene",
       "path": "packs/savage-eberron-scenes.db",
       "system": "swade",
       "module": "savage-eberron-rules"
     },
     {
       "label": "Savage Eberron Sea Vessels",
       "name": "savage-eberron-sea-vessels",
       "entity": "Item",
       "path": "packs/savage-eberron-sea-vessels.db",
       "system": "swade",
       "module": "savage-eberron-rules"
     },
     {
       "label": "Savage Eberron Skills",
       "name": "savage-eberron-skills",
       "entity": "Item",
       "path": "packs/savage-eberron-skills.db",
       "system": "swade",
       "module": "savage-eberron-rules"
     },
     {
       "label": "Savage Eberron Special Abilities",
       "name": "savage-eberron-special-abilities",
       "entity": "Item",
       "path": "packs/savage-eberron-special-abilities.db",
       "system": "swade",
       "module": "savage-eberron-rules"
     },
     {
       "label": "Savage Eberron Tables",
       "name": "savage-eberron-tables",
       "entity": "RollTable",
       "path": "packs/savage-eberron-tables.db",
       "system": "swade",
       "module": "savage-eberron-rules"
     }
   ],
   "systems": ["swade"],
   "dependencies": [
     {
        "type": "module",
        "name": "compendium-folders",
        "manifest": "https://raw.githubusercontent.com/earlSt1/vtt-compendium-folders/master/module.json"
      },
      {
         "type": "module",
         "name": "moar-folders",
         "manifest": "https://raw.githubusercontent.com/KayelGee/moar-folders/master/module.json"
       },
      {
        "name": "swade",
        "type": "system"
      }
    ]
}
