{
   "name": "savage-eberron-rules",
   "title": "Rule Set: Savage Eberron",
   "description": "This is the additional ruleset for the Eberron Campaign Setting converted to Savage Worlds Adventure Edition. All needed additional Edges, Powers, Hindrances, Races, Equipment and Magical Items for the Eberron Campaign Setting have been added.",
   "author": "Freewolf2000",
   "version": "0.16.0.2",
   "minimumCoreVersion": "0.7.9",
   "compatibleCoreVersion":"0.8.9",
   "url": "https://github.com/Freewolf2000/savage-eberron-rules",
   "manifest": "https://raw.githubusercontent.com/Freewolf2000/savage-eberron-rules/main/savage-eberron-rules/module.json",
   "download": "https://github.com/Freewolf2000/savage-eberron-rules/raw/main/savage-eberron-rules.zip",
   "esmodules": [
       "./scripts/savage-eberron-rules.js"
   ],
   "styles": [
       "./styles/savage-eberron-core.css",
       "./styles/savage-eberron-core-fonts.css",
       "./styles/savage-eberron-backgrounds.css"
   ],
   "packs": [
     {
       "label": "Savage Eberron Characters",
       "name": "savage-eberron-characters",
       "entity": "Actor",
       "path": "packs/savage-eberron-characters.db",
       "system": "swade",
       "module": "savage-eberron-rules"
     },
     {
       "label": "Savage Eberron Edges",
       "name": "savage-eberron-edges",
       "entity": "Item",
       "path": "packs/savage-eberron-edges.db",
       "system": "swade",
       "module": "savage-eberron-rules"
     },
     {
       "label": "Savage Eberron Equipment",
       "name": "savage-eberron-equipment",
       "entity": "Item",
       "path": "packs/savage-eberron-equipment.db",
       "system": "swade",
       "module": "savage-eberron-rules"
     },
     {
       "label": "Savage Eberron Hindrances",
       "name": "savage-eberron-hindrances",
       "entity": "Item",
       "path": "packs/savage-eberron-hindrances.db",
       "system": "swade",
       "module": "savage-eberron-rules"
     },
     {
       "label": "Savage Eberron Lore",
       "name": "savage-eberron-lore",
       "entity": "JournalEntry",
       "path": "packs/savage-eberron-lore.db",
       "system": "swade",
       "module": "savage-eberron-rules"
     },
     {
       "label": "Savage Eberron Lore Tables",
       "name": "savage-eberron-lore-tables",
       "entity": "RollTable",
       "path": "packs/savage-eberron-lore-tables.db",
       "system": "swade",
       "module": "savage-eberron-rules"
     },
     {
       "label": "Savage Eberron Powers",
       "name": "savage-eberron-powers",
       "entity": "Item",
       "path": "packs/savage-eberron-powers.db",
       "system": "swade",
       "module": "savage-eberron-rules"
     },
     {
       "label": "Savage Eberron Racial Abilities",
       "name": "savage-eberron-racial-abilities",
       "entity": "Item",
       "path": "packs/savage-eberron-racial-abilities.db",
       "system": "swade",
       "module": "savage-eberron-rules"
     },
     {
       "label": "Savage Eberron Rules",
       "name": "savage-eberron-rules",
       "entity": "JournalEntry",
       "path": "packs/savage-eberron-rules.db",
       "system": "swade",
       "module": "savage-eberron-rules"
     },
     {
       "label": "Savage Eberron Rules Tables",
       "name": "savage-eberron-rules-tables",
       "entity": "RollTable",
       "path": "packs/savage-eberron-rules-tables.db",
       "system": "swade",
       "module": "savage-eberron-rules"
     },
     {
       "label": "Savage Eberron Scenes",
       "name": "savage-eberron-scenes",
       "entity": "Scene",
       "path": "packs/savage-eberron-scenes.db",
       "system": "swade",
       "module": "savage-eberron-rules"
     },
     {
       "label": "Savage Eberron Skills",
       "name": "savage-eberron-skills",
       "entity": "Item",
       "path": "packs/savage-eberron-skills.db",
       "system": "swade",
       "module": "savage-eberron-rules"
     },
     {
       "label": "Savage Eberron Special Abilities",
       "name": "savage-eberron-special-abilities",
       "entity": "Item",
       "path": "packs/savage-eberron-special-abilities.db",
       "system": "swade",
       "module": "savage-eberron-rules"
     },
     {
       "label": "Savage Eberron Treasure",
       "name": "savage-eberron-treasure",
       "entity": "Item",
       "path": "packs/savage-eberron-treasure.db",
       "system": "swade",
       "module": "savage-eberron-rules"
     }
   ],
   "systems": ["swade"],
   "dependencies": [
     {
        "type": "module",
        "name": "compendium-folders",
        "manifest": "https://raw.githubusercontent.com/earlSt1/vtt-compendium-folders/master/module.json"
      },
      {
        "name": "swade",
        "type": "system"
      }
    ]
}
